City,Cloudiness,Country,Date,Humidity,Lat,Lng,Max Temp,Wind Speed
Punta Arenas,75,CL,1584464171,54,-53.15,-70.92,53.6,27.07
Tessalit,35,ML,1584464285,10,20.2,1.01,92.21,16.02
Klaksvík,23,FO,1584464285,69,62.23,-6.59,39.2,17.22
Cape Town,13,ZA,1584463861,73,-33.93,18.42,70.0,16.11
Neuquén,0,AR,1584464131,27,-38.95,-68.06,78.8,4.7
Mahibadhoo,1,MV,1584464286,79,3.78,72.97,84.29,18.16
Cabedelo,75,BR,1584464286,58,-6.98,-34.83,87.8,10.29
Chabahar,0,IR,1584464286,42,25.29,60.64,71.33,4.05
Tuktoyaktuk,90,CA,1584464286,84,69.45,-133.04,-2.2,8.05
Sakakah,40,SA,1584464286,52,29.97,40.21,69.8,8.05
Nome,90,US,1584464155,79,64.5,-165.41,27.0,16.11
General Pico,100,AR,1584464287,86,-35.66,-63.76,67.19,11.3
George Town,20,MY,1584464287,79,5.41,100.34,84.2,4.7
Hobart,100,AU,1584464225,49,-42.88,147.33,69.01,11.41
Noumea,66,NC,1584464218,88,-22.28,166.46,71.6,1.12
Ngunguru,0,NZ,1584464287,73,-35.62,174.5,53.01,5.01
Metković,0,HR,1584464287,29,43.05,17.65,62.6,8.05
Kaitangata,9,NZ,1584464288,70,-46.28,169.85,46.99,7.78
Methóni,0,GR,1584464288,47,36.82,21.7,59.0,12.73
Bethel,90,US,1584464161,87,41.37,-73.41,48.0,3.36
Puerto Ayora,20,EC,1584464288,66,-0.74,-90.35,84.2,6.93
Atuona,20,PF,1584464288,76,-9.8,-139.03,82.31,12.03
Praia,20,CV,1584464288,50,14.92,-23.51,77.0,23.04
Hermanus,7,ZA,1584464288,85,-34.42,19.23,68.0,4.0
Bathsheba,40,BB,1584464289,58,13.22,-59.52,84.2,16.11
Kasangulu,100,CD,1584464289,70,-4.59,15.17,86.0,9.17
Arraial do Cabo,75,BR,1584464289,74,-22.97,-42.03,84.2,4.7
Khatanga,84,RU,1584464289,80,71.97,102.5,-15.07,7.31
Yellowknife,75,CA,1584464289,62,62.46,-114.35,-11.99,3.36
Aklavik,75,CA,1584464289,85,68.22,-135.01,14.0,2.24
Busselton,15,AU,1584464290,98,-33.65,115.33,54.0,17.92
Katsuura,0,JP,1584464290,70,35.13,140.3,55.99,11.41
Ribeira Grande,20,PT,1584464290,77,38.52,-28.7,64.4,13.87
Acaraú,67,BR,1584464290,70,-2.89,-40.12,85.19,8.63
Boyolangu,100,ID,1584464290,92,-8.12,111.89,74.57,1.36
Te Anau,28,NZ,1584464290,82,-45.42,167.72,41.81,0.94
Mar del Plata,100,AR,1584464175,77,-38.0,-57.56,73.99,11.41
Port Elizabeth,67,ZA,1584464291,69,-33.92,25.57,73.4,6.93
Codrington,100,AU,1584464291,52,-38.27,141.97,68.45,16.8
São José da Coroa Grande,89,BR,1584464291,76,-8.9,-35.15,83.39,13.0
Burgos,40,ES,1584464291,93,42.34,-3.71,50.0,14.99
Hithadhoo,60,MV,1584464291,75,-0.6,73.08,84.83,12.12
Ushuaia,75,AR,1584464178,62,-54.8,-68.3,55.4,4.7
Poum,16,NC,1584464291,79,-20.23,164.02,79.43,15.17
Poya,4,NC,1584464291,80,-21.35,165.15,77.45,19.98
Albany,90,US,1584464292,86,42.6,-73.97,43.0,9.17
Bariloche,40,AR,1584464292,42,-41.15,-71.31,62.6,2.86
‘Ewa Beach,75,US,1584464292,100,21.32,-158.01,75.2,3.36
Kaka,95,TM,1584464292,50,37.35,59.61,62.51,10.0
Pevek,83,RU,1584464292,79,69.7,170.31,23.63,15.19
Marsh Harbour,0,BS,1584464292,67,26.54,-77.06,73.31,8.9
Valle del Guamuez,75,CO,1584464292,74,0.45,-76.92,84.2,2.24
Tombouctou,73,ML,1584464293,7,20.0,-3.0,87.71,3.87
Templemore,99,IE,1584464293,86,52.79,-7.83,55.99,11.01
Saint Paul Harbor,90,US,1584464293,86,57.79,-152.41,37.4,5.82
Mahébourg,75,MU,1584464293,94,-20.41,57.7,77.0,3.36
Mataura,4,NZ,1584464293,94,-46.19,168.86,37.0,1.99
Bundaberg,75,AU,1584464293,82,-24.85,152.35,66.99,5.82
Rikitea,29,PF,1584464293,81,-23.12,-134.97,80.15,14.85
Kapaa,90,US,1584464293,100,22.08,-159.32,71.6,13.87
Khovd,17,MN,1584464294,47,48.01,91.64,28.13,2.3
Gravdal,75,NO,1584464294,93,68.12,13.5,37.4,4.7
Vaini,90,TO,1584464294,94,-21.2,-175.2,78.8,12.75
Tasiilaq,20,GL,1584464294,85,65.61,-37.64,14.0,2.24
Dingle,8,PH,1584464294,93,11.0,122.67,72.95,9.31
Vila Franca do Campo,20,PT,1584464294,72,37.72,-25.43,62.6,8.05
Chokurdakh,14,RU,1584464295,92,70.63,147.92,-21.73,6.85
Bluff,7,NZ,1584464295,94,-46.6,168.33,37.0,1.99
Butaritari,48,KI,1584464295,76,3.07,172.79,83.21,13.91
Staraya Poltavka,0,RU,1584464295,51,50.48,46.48,36.95,6.31
Nerchinsk,44,RU,1584464295,80,51.98,116.58,18.23,7.0
Ilave,99,PE,1584464295,50,-16.08,-69.67,54.41,5.23
Santa Rita,75,BR,1584464295,58,-7.11,-34.98,87.8,10.29
Watsa,90,CD,1584464295,68,3.04,29.54,69.71,1.95
Port Macquarie,97,AU,1584464296,100,-31.43,152.92,61.0,5.82
Northam,75,GB,1584464296,82,51.03,-4.22,55.4,13.87
Lagoa,0,PT,1584464296,77,39.05,-27.98,63.05,15.46
Talnakh,40,RU,1584464296,84,69.49,88.4,3.2,29.08
Smiths Falls,90,CA,1584464296,86,44.9,-76.02,41.0,12.75
Norman Wells,75,CA,1584464296,100,65.28,-126.83,14.0,5.82
Upernavik,0,GL,1584464296,52,72.79,-56.15,-11.29,5.1
Ushtobe,98,KZ,1584464297,41,45.25,77.98,58.73,11.72
Qaanaaq,83,GL,1584464297,71,77.48,-69.36,-19.57,2.57
Great Yarmouth,20,GB,1584464297,67,52.61,1.73,59.0,17.22
Port Alfred,87,ZA,1584464297,78,-33.59,26.89,69.53,10.74
Ribeira Brava,75,PT,1584464297,77,32.65,-17.07,61.0,14.99
Maniitsoq,100,GL,1584464297,69,65.42,-52.9,13.55,21.65
Hong Kong,42,HK,1584464034,73,22.29,114.16,72.0,14.99
Potosí,40,BO,1584464298,62,-19.58,-65.75,57.2,6.82
East London,20,ZA,1584464298,73,-33.02,27.91,71.6,16.11
Mihăileni,65,RO,1584464298,43,47.97,26.15,50.0,6.93
Iqaluit,75,CA,1584464298,78,63.75,-68.51,15.8,18.34
New Norfolk,100,AU,1584464298,49,-42.78,147.06,69.01,11.41
Alekseyevsk,100,RU,1584464299,89,57.84,108.35,17.15,9.22
Carnarvon,100,AU,1584464299,73,-24.87,113.63,73.4,14.99
Nikolskoye,20,RU,1584464299,74,59.7,30.79,36.0,11.18
Porto-Novo,40,BJ,1584464299,79,6.5,2.6,87.8,12.75
Scalea,1,IT,1584464299,60,39.81,15.8,57.0,5.01
Amudat,91,UG,1584464299,55,1.95,34.95,76.37,10.74
Avarua,100,CK,1584464299,88,-21.21,-159.78,80.6,18.34
Kumul,56,CN,1584464300,25,42.8,93.45,44.51,1.5
Torbay,20,CA,1584464300,50,47.67,-52.73,32.0,16.11
Yinchuan,0,CN,1584464300,15,38.47,106.27,44.33,6.35
Jamestown,90,US,1584464300,75,42.1,-79.24,42.8,16.11
Waingapu,0,ID,1584464300,68,-9.66,120.26,84.29,6.55
Vila Velha,20,BR,1584464300,62,-20.33,-40.29,87.8,13.87
Kavaratti,20,IN,1584464300,61,10.57,72.64,83.57,3.33
San Patricio,20,MX,1584464301,79,19.22,-104.7,84.2,6.93
Boyuibe,40,BO,1584464301,58,-20.42,-63.28,82.4,5.82
Wanning,100,CN,1584464301,79,18.8,110.4,72.95,4.9
Hilo,90,US,1584464115,83,19.73,-155.09,71.6,4.7
Rawson,0,AR,1584464301,72,-43.3,-65.1,60.89,15.9
Tripoli,67,LY,1584464031,80,32.88,13.19,60.17,32.99
Abrau-Dyurso,0,RU,1584464301,40,44.69,37.59,35.6,8.95
Ostrovnoy,100,RU,1584464302,83,68.05,39.51,24.17,18.84
Rocha,33,UY,1584464302,35,-34.48,-54.33,81.23,13.18
Kruisfontein,33,ZA,1584464302,57,-34.0,24.73,68.63,7.9
Ketchikan,1,US,1584464098,69,55.34,-131.65,39.2,17.22
Bagotville,40,AU,1584464303,56,-28.98,153.42,69.8,12.75
Stornoway,40,GB,1584464303,86,58.21,-6.39,41.0,13.87
Clyde River,75,CA,1584464303,75,70.47,-68.59,-20.2,13.87
Kawalu,56,ID,1584464303,93,-7.38,108.21,70.79,2.75
Yangi Marg`ilon,100,UZ,1584464303,25,40.43,71.72,60.8,6.93
Inírida,56,CO,1584464303,39,3.87,-67.92,97.07,3.09
Hobyo,1,SO,1584464303,74,5.35,48.53,79.43,15.32
Kaeo,0,NZ,1584464303,73,-35.1,173.78,53.01,5.01
Los Llanos de Aridane,75,ES,1584464304,77,28.66,-17.92,64.4,19.46
Pacific Grove,1,US,1584464304,87,36.62,-121.92,50.0,1.54
Bredasdorp,0,ZA,1584464304,64,-34.53,20.04,69.8,11.41
Nyurba,100,RU,1584464304,93,63.28,118.33,-6.79,6.38
Nabire,99,ID,1584464304,98,-3.37,135.48,71.15,1.54
Vila,40,PT,1584464304,52,42.03,-8.16,66.2,5.82
Krasnosel'kup,81,RU,1584464305,87,65.7,82.47,15.53,18.97
Larap,9,PH,1584464305,80,14.3,122.65,77.99,16.35
Muros,20,ES,1584464305,67,42.78,-9.06,68.0,10.29
Vila do Maio,20,CV,1584464305,50,15.13,-23.22,77.0,23.04
Colac,100,AU,1584464305,56,-38.33,143.58,71.01,1.99
Kemijärvi,100,FI,1584464305,95,66.71,27.43,29.21,9.95
Souillac,75,MU,1584464305,94,-20.52,57.52,77.0,3.36
Emerald,0,AU,1584464305,82,-23.53,148.17,64.99,4.7
Florianópolis,75,BR,1584464306,69,-27.61,-48.5,82.0,11.41
Thompson,5,CA,1584464306,57,55.74,-97.86,-7.6,9.17
Lebu,0,CL,1584464306,52,-37.62,-73.65,70.07,9.31
Atherton,75,GB,1584464306,76,53.52,-2.49,57.99,12.75
Havre-St-Pierre,75,CA,1584464306,63,50.23,-63.6,28.4,19.46
Armash,75,AM,1584464306,81,39.77,44.81,48.2,3.36
Provideniya,100,RU,1584464307,96,64.38,-173.3,22.19,3.02
Luwuk,47,ID,1584464307,76,-0.95,122.79,81.05,5.32
Amos,75,CA,1584464307,92,48.57,-78.12,30.2,6.93
Alta Floresta,40,BR,1584464307,59,-9.88,-56.09,89.6,10.29
Saskylakh,0,RU,1584464307,83,71.92,114.08,-27.31,5.35
Draper,1,US,1584464009,47,40.52,-111.86,55.99,18.34
Airai,0,TL,1584464307,91,-8.93,125.41,64.85,3.53
Alihe,95,CN,1584464307,93,50.57,123.72,19.13,3.47
Benidorm,75,ES,1584464308,77,38.54,-0.13,64.0,18.34
Ponta do Sol,75,PT,1584464308,77,32.67,-17.1,61.0,14.99
Soto la Marina,1,MX,1584464308,51,23.77,-98.22,85.19,17.96
Merauke,89,ID,1584464308,96,-8.47,140.33,74.39,4.94
Tabory,94,RU,1584464308,82,58.52,64.55,27.95,10.11
Portales,75,US,1584464308,100,34.19,-103.33,60.01,14.99
Astoria,1,US,1584464308,70,46.19,-123.83,46.0,5.46
Muhafazat Lahij,79,YE,1584464309,77,13.17,44.58,76.19,15.37
Dikson,100,RU,1584464309,96,73.51,80.55,3.47,10.36
West Bay,20,KY,1584464092,66,19.37,-81.42,84.2,13.87
Leningradskiy,83,RU,1584464309,80,69.38,178.42,19.13,9.91
Champerico,20,GT,1584464309,62,14.3,-91.92,87.8,12.93
Micheweni,91,TZ,1584464309,72,-4.97,39.83,84.47,8.9
Tlacojalpan,0,MX,1584464309,41,18.23,-95.95,90.23,4.63
Merritt Island,75,US,1584464310,51,28.54,-80.67,84.2,5.82
Vestmannaeyjar,99,IS,1584464151,81,63.44,-20.27,37.13,8.41
Fasa,20,IR,1584464310,51,28.94,53.65,59.0,1.57
Coquimbo,40,CL,1584464108,64,-29.95,-71.34,68.0,10.29
Puerto del Rosario,75,ES,1584464310,59,28.5,-13.86,68.0,23.04
Pontianak,59,ID,1584464310,97,-0.03,109.33,73.85,1.88
Sītāmau,0,IN,1584464310,24,24.02,75.35,71.69,10.8
Besançon,0,FR,1584464278,54,47.25,6.02,64.4,4.7
Daru,71,PG,1584464311,92,-9.08,143.21,75.11,1.92
Karratha,0,AU,1584464311,73,-20.74,116.85,86.27,11.14
Chake Chake,100,TZ,1584464311,71,-5.25,39.77,84.47,9.06
Bambanglipuro,99,ID,1584464311,91,-7.95,110.28,75.65,5.99
Berlevåg,75,NO,1584464311,79,70.86,29.09,24.8,10.29
Gizo Government Station,0,SB,1584464311,87,-8.1,156.84,77.09,4.72
Longyearbyen,20,SJ,1584464312,68,78.22,15.64,-16.6,4.7
Tura,0,IN,1584464312,38,25.52,90.22,68.63,2.28
Comodoro Rivadavia,20,AR,1584464067,63,-45.87,-67.5,64.4,11.41
Qandala,97,SO,1584464312,70,11.47,49.87,79.43,15.32
Hulan,18,CN,1584464312,69,45.98,126.6,35.6,11.18
Iberia,100,US,1584464312,100,29.95,-91.75,73.0,3.36
Half Moon Bay,1,US,1584464312,70,37.46,-122.43,51.01,2.04
San Cristobal,40,VE,1584464207,65,7.77,-72.22,82.4,10.29
Manzhouli,100,CN,1584464313,76,49.6,117.43,21.65,14.76
Killybegs,90,IE,1584464313,100,54.63,-8.45,42.8,11.41
Imbituba,75,BR,1584464313,69,-28.24,-48.67,78.8,11.41
Cayenne,37,GF,1584464313,55,4.93,-52.33,87.8,11.41
Talcahuano,0,CL,1584464313,60,-36.72,-73.12,68.0,9.17
São Filipe,22,CV,1584464313,78,14.9,-24.5,67.37,21.03
Phulbāni,0,IN,1584464314,45,20.47,84.23,75.83,4.27
Cherskiy,100,RU,1584464314,94,68.75,161.3,7.61,15.59
Nazareno,40,MX,1584464314,41,25.38,-103.42,75.2,6.93
Castro,22,BR,1584464101,67,-24.79,-50.01,78.53,2.86
Hofn,20,IS,1584464314,69,64.25,-15.21,35.6,16.11
The Valley,0,AI,1584464314,69,18.22,-63.06,78.53,9.08
Hambantota,100,LK,1584464314,84,6.12,81.12,79.61,27.09
Sterling,40,US,1584464111,76,39.01,-77.43,57.99,3.76
Saint-Philippe,75,RE,1584464315,83,-21.36,55.77,78.8,4.7
Flin Flon,20,CA,1584464315,53,54.77,-101.86,-2.2,13.87
Barrow,90,US,1584464315,85,71.29,-156.79,15.8,12.75
Santa Marta,36,CO,1584464098,75,11.24,-74.2,69.53,2.82
Belmonte,20,BR,1584464315,66,-15.86,-38.88,86.0,9.17
Vadsø,40,NO,1584464315,85,70.07,29.75,24.8,9.17
Singkang,20,MY,1584464315,78,2.1,102.8,80.6,3.36
Mayo,75,US,1584464134,76,38.89,-76.51,57.99,5.82
Turukhansk,77,RU,1584464316,88,65.82,87.98,9.95,15.19
Tchibanga,100,GA,1584464316,94,-2.85,11.03,74.57,2.39
Chunoyar,0,RU,1584464316,95,57.45,97.32,3.83,2.51
Marystown,3,CA,1584464316,71,47.17,-55.15,28.31,20.09
Kem',100,RU,1584464316,92,64.96,34.58,27.95,16.62
Tiksi,84,RU,1584464316,88,71.69,128.87,-30.73,8.37
Khajuraho,0,IN,1584464317,23,24.85,79.93,74.93,4.23
Nagpur,40,IN,1584464309,54,21.15,79.1,82.4,3.36
Vilhena,75,BR,1584464111,88,-12.74,-60.15,77.0,12.75
Port Lincoln,84,AU,1584464317,42,-34.73,135.87,72.77,2.46
Lavrentiya,100,RU,1584464317,96,65.58,-171.0,24.17,5.93
Maku,100,IR,1584464318,72,39.29,44.45,43.97,3.42
Chui,33,UY,1584464318,51,-33.7,-53.46,77.09,12.5
Makīnsk,23,KZ,1584464318,91,52.63,70.42,21.29,15.17
Diamantino,72,BR,1584464318,74,-14.41,-56.45,84.83,4.79
Jalu,0,LY,1584464318,22,29.03,21.55,67.37,9.28
Shumskiy,0,RU,1584464318,88,54.83,99.13,14.81,1.45
Ilulissat,75,GL,1584464318,44,69.22,-51.1,-0.4,16.11
Vardø,100,NO,1584464319,79,70.37,31.11,21.2,3.36
Saldanha,48,ZA,1584464319,50,-33.01,17.94,75.2,10.29
Kupang,18,ID,1584464319,78,-10.17,123.58,81.05,6.96
Esperance,75,AU,1584464319,88,-33.87,121.9,64.4,14.99
Hasaki,20,JP,1584464319,70,35.73,140.83,44.6,6.93
Tourlaville,57,FR,1584464319,46,49.64,-1.57,55.4,9.17
Lata,20,PT,1584464319,48,40.16,-8.33,66.0,11.41
Hamilton,90,US,1584464219,70,39.18,-84.53,46.99,10.29
Nuuk,75,GL,1584464320,41,64.18,-51.72,21.2,24.16
Kuzovatovo,67,RU,1584464320,76,53.55,47.69,30.29,8.25
Riberalta,75,BO,1584464320,74,-10.98,-66.1,84.2,4.7
Carutapera,39,BR,1584464320,78,-1.2,-46.02,82.13,11.39
Cockburn Town,40,TC,1584464321,51,21.46,-71.14,80.6,12.75
Fort Nelson,75,CA,1584464321,67,58.81,-122.7,19.4,3.36
Iwanai,59,JP,1584464321,91,42.97,140.51,27.95,3.42
Tiznit Province,19,MA,1584464321,73,29.58,-9.5,50.27,10.89
Province of Trapani,75,IT,1584464321,72,37.83,12.67,63.0,12.75
Yerbogachën,100,RU,1584464321,92,61.28,108.01,3.65,10.07
Port Blair,100,IN,1584464321,71,11.67,92.75,83.03,3.87
Manacapuru,75,BR,1584464174,74,-3.3,-60.62,86.0,5.82
Faanui,96,PF,1584464322,71,-16.48,-151.75,82.67,6.02
Cidreira,57,BR,1584464322,77,-30.18,-50.21,73.31,16.35
Itacaré,20,BR,1584464322,74,-14.28,-39.0,86.0,9.17
Aquiraz,20,BR,1584464322,66,-3.9,-38.39,87.8,5.82
Yashkul',82,RU,1584464322,43,46.17,45.34,41.63,3.71
Yuancheng,0,CN,1584464322,16,36.65,107.79,43.07,5.3
Oktyabr'skiy,18,RU,1584464323,88,54.48,53.47,26.69,9.24
Mombetsu,30,JP,1584464323,79,44.35,143.35,30.29,5.53
Datong,5,CN,1584464323,22,40.09,113.29,45.95,14.18
Santa Cruz de Tenerife,40,ES,1584464323,76,28.47,-16.25,69.01,17.22
Batemans Bay,9,AU,1584464323,100,-35.72,150.18,57.99,4.5
Boa Vista,40,BR,1584464113,41,2.82,-60.67,93.2,16.11
Maragogi,89,BR,1584464324,76,-9.01,-35.22,83.39,13.0
Olafsvik,100,IS,1584464324,76,64.89,-23.71,28.85,42.26
Snåase,75,NO,1584464324,97,64.25,12.38,39.2,13.87
Geraldton,75,AU,1584464324,73,-28.77,114.6,69.8,14.99
Muzhi,18,RU,1584464324,81,65.37,64.67,20.03,18.59
Kavieng,100,PG,1584464324,75,-2.57,150.8,83.21,13.0
Kirkcudbright,100,GB,1584464324,98,54.84,-4.05,51.01,1.01
Mount Gambier,90,AU,1584464227,37,-37.83,140.77,69.8,8.05
Pisco,99,PE,1584464325,30,-13.7,-76.22,71.6,9.17
Kuril'sk,67,RU,1584464325,78,45.23,147.88,27.95,6.89
Tuatapere,23,NZ,1584464325,94,-46.13,167.68,37.0,1.99
Tazovsky,100,RU,1584464325,94,67.47,78.7,22.73,17.54
Olinda,40,BR,1584464325,66,-8.01,-34.86,87.8,9.17
Giohar,12,SO,1584464325,76,2.78,45.5,79.61,19.91
Severo-Kuril'sk,100,RU,1584464325,81,50.68,156.12,15.35,7.9
Fushun,0,CN,1584464326,47,41.86,123.92,35.6,4.47
Jinchang,0,CN,1584464326,26,38.5,102.17,36.05,10.89
Lorengau,100,PG,1584464326,76,-2.02,147.27,82.67,8.28
Shenjiamen,100,CN,1584464326,84,29.96,122.3,56.03,10.85
Polis,40,CY,1584464225,62,35.04,32.43,51.8,11.41
La Ronge,20,CA,1584464326,58,55.1,-105.28,-2.2,8.05
Okhotsk,0,RU,1584464326,79,59.38,143.3,-2.29,5.12
Abilene,90,US,1584464210,82,32.45,-99.73,68.0,18.34
Sioux Lookout,40,CA,1584464253,47,50.1,-91.92,17.6,17.22
Smithers,40,CA,1584464327,73,54.78,-127.17,19.4,2.24
Minna,100,NG,1584464327,21,9.61,6.56,102.2,9.17
Teahupoo,75,PF,1584464327,74,-17.83,-149.27,80.6,5.82
Bambous Virieux,75,MU,1584464327,94,-20.34,57.76,77.0,3.36
Nelson Bay,64,AU,1584464327,93,-32.72,152.15,60.01,5.82
Apac,100,UG,1584464328,80,1.98,32.54,71.15,4.99
Atar,96,MR,1584464328,14,20.52,-13.05,82.49,9.84
Roseburg,90,US,1584464328,93,43.22,-123.34,42.01,2.06
Lugovoy,95,KZ,1584464328,66,42.95,72.76,55.85,14.54
Hamada,0,JP,1584464328,29,34.88,132.08,45.0,23.64
Jumla,0,NP,1584464329,73,29.27,82.18,34.43,3.71
Bilma,62,NE,1584464329,6,18.69,12.92,81.41,8.01
Tilichiki,100,RU,1584464329,81,60.47,166.1,11.03,2.98
Fuyu,47,CN,1584464329,53,45.18,124.82,33.53,10.0
Lock Haven,90,US,1584464329,75,41.14,-77.45,46.99,8.05
Asău,2,RO,1584464329,31,46.43,26.4,52.0,6.93
Narsaq,5,GL,1584464329,40,60.92,-46.05,15.8,3.36
Nanortalik,0,GL,1584464329,57,60.14,-45.24,19.85,16.46
Constitución,4,CL,1584464252,56,-35.33,-72.42,66.83,10.69
Guayaramerín,75,BO,1584464330,66,-10.84,-65.36,86.0,5.82
El Doncello,83,CO,1584464330,51,1.68,-75.28,91.31,3.69
Huaraz,86,PE,1584464330,68,-9.53,-77.53,50.63,9.95
Isangel,87,VU,1584464330,80,-19.55,169.27,78.53,13.78
Pattoki,0,PK,1584464330,52,31.02,73.85,64.31,3.67
Guerrero Negro,40,MX,1584464331,56,27.98,-114.06,64.13,11.68
Douentza,9,ML,1584464046,16,15.0,-2.95,97.07,10.92
Beian,40,NO,1584464331,86,63.66,9.57,39.99,33.33
Haines Junction,0,CA,1584464331,77,60.75,-137.51,16.43,1.92
Belize,20,BZ,1584464088,58,17.25,-88.75,84.99,6.93
Nicoya,20,CR,1584464331,41,10.15,-85.45,91.4,26.4
Taguatinga,40,BR,1584464331,79,-12.39,-46.57,82.31,5.91
Churapcha,97,RU,1584464331,97,62.0,132.43,-0.31,4.16
Taoudenni,100,ML,1584464332,7,22.68,-3.98,84.29,4.23
Gao,18,ML,1584464332,7,16.64,1.64,95.99,12.08
College,1,US,1584464332,92,64.86,-147.8,26.6,9.17
Balading,23,PH,1584464332,95,13.39,123.71,70.07,5.06
Kriel,92,ZA,1584464332,81,-26.27,29.23,64.0,4.34
Atasū,99,KZ,1584464332,94,48.68,71.64,30.29,7.56
Filingué,0,NE,1584464332,8,14.35,3.32,91.85,8.23
Saint George,22,US,1584464043,46,37.1,-113.58,53.6,8.05
Tupelo,90,US,1584464333,82,34.26,-88.7,69.01,9.17
Colares,75,PT,1584464333,42,38.8,-9.45,64.99,11.41
Thohoyandou,75,ZA,1584464333,74,-22.95,30.48,68.99,6.17
Bengkulu,100,ID,1584464333,91,-3.8,102.27,74.75,4.07
Sobolevo,97,RU,1584464333,91,54.43,31.9,34.79,4.65
Río Gallegos,45,AR,1584464333,29,-51.62,-69.22,62.6,6.93
Bismarck,1,US,1584464334,53,46.81,-100.78,30.0,5.82
Øksfjord,75,NO,1584464334,79,70.24,22.35,32.0,28.86
Vao,1,NC,1584464334,75,-22.67,167.48,76.73,17.34
Baní,75,DO,1584464246,65,18.28,-70.33,82.4,14.99
Amahai,64,ID,1584464334,73,-3.33,128.92,82.67,6.64
Zhezkazgan,48,KZ,1584464335,85,47.8,67.71,26.51,6.35
Coyhaique,20,CL,1584464336,54,-45.58,-72.07,59.0,4.7
Novozaimka,79,RU,1584464336,95,56.49,66.92,28.49,18.03
Shimoda,0,JP,1584464336,77,34.67,138.95,55.99,1.01
Marabu,75,MY,1584464237,100,4.41,114.01,77.0,3.36
Makakilo City,75,US,1584464336,100,21.35,-158.09,75.2,3.36
Anadyr,75,RU,1584464336,92,64.75,177.48,28.4,15.66
Zhangjiakou,63,CN,1584464337,27,40.81,114.88,39.83,4.85
Losone,0,CH,1584464337,42,46.17,8.76,63.0,10.29
Paraíso,6,CR,1584464337,50,9.84,-83.87,80.6,19.46
Kitimat,20,CA,1584464152,68,54.05,-128.65,37.99,18.34
Areosa,28,PT,1584464337,67,41.72,-8.86,66.2,6.93
Salalah,75,OM,1584464251,69,17.02,54.09,78.8,8.05
Sur,0,OM,1584464337,66,22.57,59.53,67.37,1.72
Nizhniy Kuranakh,83,RU,1584464338,97,58.84,125.49,14.45,1.28
Tubmanburg,71,LR,1584464338,73,6.87,-10.82,83.93,6.93
Kirovskiy,0,RU,1584464338,78,45.09,133.51,20.93,4.32
Pierre,90,US,1584464080,69,44.37,-100.35,37.0,13.87
Raja,19,SS,1584464338,18,8.46,25.68,83.03,3.04
Prijepolje,9,RS,1584464338,25,43.37,19.64,51.8,6.93
Santa Cruz,0,MA,1584464272,30,30.42,-9.6,71.6,16.11
Rāvar,95,IR,1584464338,29,31.27,56.81,65.93,3.36
Craig,1,US,1584464339,64,40.52,-107.55,43.0,3.2
Esim,100,GH,1584464339,76,4.87,-2.24,82.85,7.94
Saint-Pierre,75,RE,1584464339,83,-21.34,55.48,78.8,4.7
Naliya,0,IN,1584464339,21,23.27,68.83,70.61,2.53
Caldwell,1,US,1584464244,93,43.66,-116.69,51.01,8.19
Buraidah,75,SA,1584464119,39,26.33,43.98,82.4,14.99
Mauá,75,BR,1584464311,51,-23.67,-46.46,86.0,5.82
Laguna,90,US,1584464340,87,38.42,-121.42,48.0,9.17
Kasempa,96,ZM,1584464340,97,-13.46,25.83,65.21,4.99
Mongoumba,66,CF,1584464340,35,3.64,18.59,85.19,1.7
Hai Duong,75,VN,1584464340,94,20.93,106.32,71.6,6.93
Casas Grandes,100,MX,1584464340,30,30.37,-107.95,65.21,19.3
Parobé,75,BR,1584464208,65,-29.63,-50.83,86.0,13.87
Maryville,90,US,1584464340,93,35.76,-83.97,61.0,8.05
Suntar,100,RU,1584464341,92,62.14,117.63,4.55,9.22
City of San Pedro,75,PH,1584464064,69,14.35,121.02,80.6,8.05
Husavik,90,IS,1584464341,96,66.04,-17.34,32.0,6.93
São João da Barra,40,BR,1584464341,66,-21.64,-41.05,86.0,13.87
Salinópolis,32,BR,1584464341,77,-0.61,-47.36,81.95,12.75
Zhigalovo,91,RU,1584464341,89,54.81,105.16,11.57,10.65
Cururupu,99,BR,1584464341,90,-1.83,-44.87,81.59,5.08
Ulladulla,0,AU,1584464342,100,-35.35,150.47,54.0,2.24
Bosaso,99,SO,1584464342,86,11.28,49.18,78.17,16.75
Fairbanks,1,US,1584464274,92,64.84,-147.72,21.0,9.17
Porto Santo,40,PT,1584464342,67,33.07,-16.34,60.8,20.8
Popondetta,100,PG,1584464342,84,-8.75,148.25,72.59,3.04
Havøysund,75,NO,1584464342,79,71.0,24.66,24.8,28.86
Dārāb,78,IR,1584464342,40,28.75,54.54,64.31,3.11
Alugan,64,PH,1584464343,85,12.22,125.48,78.17,16.33
Iquitos,75,PE,1584464343,100,-3.75,-73.25,42.8,4.7
Manicoré,20,BR,1584464343,79,-5.81,-61.3,84.2,4.7
Wajir,40,KE,1584464343,39,1.75,40.06,96.8,6.02
Barra Patuca,2,HN,1584464343,76,15.8,-84.28,79.79,12.21
Orchard Homes,1,US,1584464343,74,46.86,-114.05,34.0,1.88
Vanimo,100,PG,1584464343,76,-2.67,141.3,82.67,7.83
Benguela,75,AO,1584464344,78,-12.58,13.41,80.6,3.15
Santa Maria,0,BR,1584464200,69,-29.68,-53.81,80.6,11.41
Padang,98,ID,1584464344,94,-0.95,100.35,68.63,4.72
Bo Phloi,1,TH,1584464344,62,14.32,99.52,81.23,1.86
Prince Rupert,1,CA,1584464213,60,54.32,-130.32,32.0,4.7
Bar Harbor,90,US,1584464344,69,44.39,-68.2,37.99,24.16
Darnah,0,LY,1584464344,68,32.77,22.64,57.11,15.79
Tautira,75,PF,1584464345,74,-17.73,-149.15,80.6,5.82
Naze,3,JP,1584464345,67,28.37,129.48,62.6,6.93
Beringovskiy,50,RU,1584464345,88,63.05,179.32,22.55,11.3
Fortuna,90,US,1584464345,93,40.6,-124.16,45.0,12.75
Ambon City,62,ID,1584464345,75,-3.7,128.18,81.23,4.25
Sitka,1,US,1584464345,92,57.05,-135.33,32.0,6.17
Grindavik,20,IS,1584464346,72,63.84,-22.43,33.8,17.22
Tuy Hoa,39,VN,1584464346,79,13.08,109.3,77.09,7.47
Ancud,40,CL,1584464346,67,-41.87,-73.82,60.8,6.93
Minot,1,US,1584464085,62,48.23,-101.3,25.0,5.82
Thunder Bay,40,CA,1584464156,53,48.4,-89.32,28.99,12.75
Taree,79,AU,1584464346,100,-31.9,152.47,62.01,5.82
Biryusinsk,0,RU,1584464346,92,55.96,97.82,10.85,3.0
Zarichne,83,UA,1584464347,76,51.81,26.13,40.37,0.78
Oktyabr'skoye,75,RU,1584464347,86,43.06,44.74,30.2,11.18
Tromsø,75,NO,1584464237,86,69.65,18.96,33.8,18.34
Bitung,20,ID,1584464347,94,1.45,125.18,77.0,0.72
Belaya Gora,62,RU,1584464347,90,68.53,146.42,-15.43,4.68
Ibrā’,0,OM,1584464347,43,22.69,58.53,69.89,8.25
Hokitika,0,NZ,1584464347,74,-42.72,170.97,52.61,14.38
Tanout,99,NE,1584464347,5,14.97,8.89,85.19,10.4
Piranshahr,88,IR,1584464289,92,36.7,45.14,35.69,6.22
Brigantine,90,US,1584464348,81,39.41,-74.36,53.6,3.36
Kahului,40,US,1584464337,83,20.89,-156.47,71.6,4.7
Miyazu,89,JP,1584464348,93,35.53,135.18,43.07,5.93
Miyako,54,JP,1584464348,83,39.64,141.95,39.11,8.23
Perevolotskiy,0,RU,1584464348,78,51.88,54.19,26.69,9.48
Goderich,89,CA,1584464346,77,43.75,-81.72,43.0,20.0
Ostrov,100,RU,1584464349,74,57.34,28.35,37.4,6.71
Port Hardy,75,CA,1584464349,75,50.7,-127.42,42.8,2.24
Morgan City,40,US,1584464349,74,29.7,-91.21,79.0,6.93
Prainha,42,BR,1584464349,50,-1.8,-53.48,93.47,5.3
Surgut,75,RU,1584464052,100,61.25,73.42,24.8,4.47
Lac du Bonnet,83,CA,1584464349,65,50.25,-96.06,18.0,5.01
Maceió,75,BR,1584464349,70,-9.67,-35.74,86.0,5.82
Dzaoudzi,11,YT,1584464350,74,-12.79,45.27,84.2,8.05
Waipawa,100,NZ,1584464350,58,-41.41,175.52,55.4,16.11
Hualmay,94,PE,1584464350,53,-11.1,-77.61,82.67,11.01
Ikeda,0,JP,1584464350,84,34.82,135.43,46.0,7.0
Blagoyevo,96,RU,1584464350,92,63.37,47.92,24.35,8.72
San Rafael,8,AR,1584464350,24,-34.62,-68.33,78.53,17.63
Néa Apollonía,0,GR,1584464350,54,40.63,23.45,55.0,3.36
Sal Rei,40,CV,1584464351,53,16.18,-22.92,75.2,19.46
Buala,13,SB,1584464351,85,-8.14,159.59,78.17,4.61
Flinders,30,AU,1584464351,100,-34.58,150.86,63.0,2.24
Mount Isa,90,AU,1584464351,60,-20.73,139.5,73.4,12.08
Bend,1,US,1584464351,86,44.06,-121.32,35.01,6.93
Tarko-Sale,82,RU,1584464351,80,64.92,77.78,19.0,5.01
Pozo Colorado,74,PY,1584464352,34,-23.49,-58.8,97.43,7.29
Anáhuac,90,MX,1584464352,83,27.23,-100.15,73.4,9.17
Bandarbeyla,84,SO,1584464352,73,9.49,50.81,80.33,14.5
Acarí,98,PE,1584464352,70,-15.43,-74.62,73.85,10.74
Kolondiéba,47,ML,1584464352,17,11.09,-6.89,99.95,1.45
Ürümqi,69,CN,1584464106,39,43.8,87.6,50.0,8.95
Kismayo,67,SO,1584464352,77,-0.36,42.55,83.75,18.52
Lethem,82,GY,1584464353,31,3.38,-59.8,98.15,10.51
Cabo San Lucas,75,MX,1584464153,49,22.89,-109.91,77.0,3.36
Kutum,70,SD,1584464353,15,14.2,24.67,73.85,8.03
Sydney,75,AU,1584464285,100,-33.87,151.21,60.01,3.27
Arkhangelsk,20,RU,1584464353,55,64.54,40.54,33.8,4.47
Magaria,100,NE,1584464354,8,13.0,8.91,85.37,9.22
Phan Thiet,19,VN,1584464333,93,10.93,108.1,69.53,3.78
Manohar Thāna,0,IN,1584464354,24,24.24,76.8,73.13,9.71
Lüderitz,0,NA,1584464354,90,-26.65,15.16,63.95,18.23
Peleduy,99,RU,1584464354,97,59.63,112.74,25.79,6.55
Egvekinot,100,RU,1584464354,96,66.32,-179.17,20.75,5.01
Grand-Lahou,100,CI,1584464355,81,5.14,-5.02,83.75,17.09
Kaura Namoda,99,NG,1584464355,6,12.59,6.58,87.53,8.97
Port-Gentil,40,GA,1584464355,74,-0.72,8.78,87.8,10.29
Freeport,90,US,1584464347,87,40.66,-73.58,50.0,3.36
Bone,20,DE,1584464355,71,51.97,12.14,57.99,9.17
Bantry,90,IE,1584464355,87,51.68,-9.45,55.4,25.28
Dawei,19,MM,1584464356,73,14.08,98.2,81.41,2.98
Viedma,18,AR,1584464356,44,-40.81,-63.0,75.83,13.24
Zonguldak,81,TR,1584464314,87,41.25,31.83,25.61,1.1
Sayyan,49,YE,1584464356,60,15.17,44.32,64.49,7.31
Ust-Nera,85,RU,1584464351,99,64.57,143.2,-21.91,1.34
Krasnogvardeyskiy,73,RU,1584464356,83,57.38,62.32,29.03,10.63
Katangli,65,RU,1584464356,91,51.71,143.23,13.91,6.49
Saint-Augustin,91,CA,1584464357,72,51.23,-58.65,27.05,26.24
Degtyarsk,75,RU,1584464357,80,56.7,60.09,30.2,17.9
Victoria Point,4,AU,1584464357,72,-27.58,153.3,68.0,8.05
Fonte Boa,100,BR,1584464357,88,-2.5,-66.27,78.53,4.5
Maragheh,75,IR,1584464357,50,37.39,46.24,55.4,2.24
Ouadda,12,CF,1584464357,21,8.08,22.4,83.57,4.43
Dessau,20,DE,1584464357,71,51.84,12.25,57.99,9.17
Pucallpa,90,PE,1584464358,100,-8.38,-74.55,35.6,6.93
Touros,20,BR,1584464358,52,-5.2,-35.46,89.6,11.41
Mercedes,84,AR,1584464358,48,-34.65,-59.43,81.23,9.04
Baghdad,73,IQ,1584464186,53,33.34,44.4,73.4,11.41
Pueblo Nuevo,1,MX,1584464358,25,23.38,-105.38,75.29,8.63
Itoman,75,JP,1584464358,63,26.12,127.67,62.6,4.7
Ossora,100,RU,1584464358,69,59.24,163.07,8.51,4.99
Tamandaré,89,BR,1584464358,76,-8.76,-35.1,83.39,13.0
Lompoc,75,US,1584464359,93,34.64,-120.46,50.0,8.05
Vostok,61,RU,1584464347,89,46.49,135.88,11.03,5.3
Buta,66,CD,1584464359,60,2.79,24.73,81.23,3.6
Zyryanskoye,100,RU,1584464359,85,56.83,86.63,28.13,12.84
Fare,100,PF,1584464359,70,-16.7,-151.02,83.03,6.91
Kailua,90,US,1584464359,83,21.4,-157.74,75.2,14.29
Trincomalee,69,LK,1584464347,89,8.57,81.23,75.83,2.68
Ahtopol,0,BG,1584464360,70,42.1,27.95,43.0,11.41
Koppang,0,NO,1584464360,69,61.57,11.06,35.01,8.99
Isla Mujeres,40,MX,1584464360,61,21.23,-86.73,82.4,12.75
Redcliffe,11,AU,1584464360,72,-27.23,153.1,68.0,8.05
Farafangana,41,MG,1584464360,80,-22.82,47.83,78.71,7.67
Vágur,71,FO,1584464360,57,61.47,-6.81,40.55,36.75
Antofagasta,22,CL,1584464243,64,-23.65,-70.4,72.0,12.75
Mokhsogollokh,89,RU,1584464361,95,61.47,128.92,3.29,3.85
Sørland,20,NO,1584464361,80,67.67,12.69,41.0,19.46
Jaunjelgava,93,LV,1584464361,74,56.62,25.08,43.0,5.01
Dutse,100,NG,1584464361,7,11.76,9.34,83.57,6.8
Manglaur,0,IN,1584464361,78,29.8,77.87,61.97,2.39
Anito,15,PH,1584464361,80,12.45,125.29,79.97,20.31
Sistranda,40,NO,1584464361,86,63.73,8.83,39.99,33.33
Lincoln,1,US,1584464362,65,40.8,-96.67,43.0,5.82
Sevojno,65,RS,1584464362,25,43.84,19.9,60.8,6.93
Douglas,1,US,1584464362,50,41.3,-96.17,45.0,6.93
Leh,47,IN,1584464362,54,34.17,77.58,11.39,2.3
Myingyan,0,MM,1584464362,32,21.47,95.38,77.99,5.97
Cap Malheureux,75,MU,1584464362,94,-19.98,57.61,77.0,3.36
Tabou,65,CI,1584464363,79,4.42,-7.35,82.49,6.22
Minanga Norte,5,PH,1584464363,96,17.76,121.73,64.31,0.58
Kamenka,0,RU,1584464363,52,51.32,42.77,39.0,5.84
Sinegor'ye,99,RU,1584464363,97,62.08,150.48,-2.47,1.01
Amapá,56,BR,1584464363,92,1.0,-52.0,80.69,4.14
Paragominas,64,BR,1584464283,77,-2.97,-47.48,85.37,2.06
Aswān,0,EG,1584464364,22,24.09,32.91,73.31,20.42
Tecpan,40,GT,1584464364,53,14.76,-90.99,71.6,16.11
Barraute,75,CA,1584464364,92,48.43,-77.63,30.0,6.93
Sula,75,PH,1584464364,83,15.46,120.4,75.2,2.24
Whitehorse,75,CA,1584464364,77,60.72,-135.05,10.0,2.01
Port Hedland,46,AU,1584464364,78,-20.32,118.57,82.4,4.7
Auki,66,SB,1584464364,77,-8.77,160.7,83.57,9.24
Emba,100,KZ,1584464365,87,48.83,58.14,26.15,3.94
Karlskoga,75,SE,1584464365,81,59.33,14.52,48.0,20.8
Iskateley,72,RU,1584464365,85,67.68,53.15,19.85,18.25
Dryden,1,CA,1584464365,52,49.78,-92.75,17.6,14.99
Beroroha,1,MG,1584464365,68,-21.67,45.17,73.85,5.41
Luebo,100,CD,1584464366,92,-5.35,21.42,71.87,1.54
Katobu,90,ID,1584464366,95,-4.94,122.53,73.85,2.06
Kangaba,64,ML,1584464366,8,11.93,-8.42,100.85,0.36
Yuzhnyy,100,RU,1584464366,69,53.25,83.69,37.4,15.66
Coahuayana Viejo,5,MX,1584464366,78,18.73,-103.68,71.6,7.47
Lodwar,59,KE,1584464366,44,3.12,35.6,88.43,12.37
Mackay,40,AU,1584464366,69,-21.15,149.2,77.0,20.8
Kirensk,98,RU,1584464367,88,57.79,108.11,15.89,11.65
La Plata,75,AR,1584464112,83,-34.92,-57.95,73.4,5.82
Samarai,64,PG,1584464367,86,-10.62,150.67,75.47,4.99
Srednekolymsk,100,RU,1584464367,96,67.45,153.68,-7.87,8.93
Olmos,83,PE,1584464367,69,-5.98,-79.75,70.79,8.88
Eureka,90,US,1584464367,75,40.8,-124.16,45.0,5.82
Baykit,18,RU,1584464367,91,61.67,96.37,-2.29,2.86
Caravelas,9,BR,1584464368,73,-17.71,-39.25,81.77,8.84
Moose Factory,90,CA,1584464368,79,51.26,-80.61,23.0,16.11
Prome,6,MM,1584464368,46,18.82,95.22,72.05,2.82
Aleksandrovskoye,90,RU,1584464368,80,44.71,43.0,33.8,11.18
Ingham,75,US,1584464368,56,42.6,-84.38,45.0,13.87
Encruzilhada do Sul,6,BR,1584464369,42,-30.54,-52.52,85.37,8.75
Warmbad,0,NA,1584464369,21,-28.45,18.73,80.87,16.6
Sri Aman,51,MY,1584464369,100,1.24,111.46,77.0,2.82
Severnyy,100,RU,1584464369,30,50.68,36.55,42.8,6.71
Sisimiut,100,GL,1584464369,84,66.94,-53.67,2.57,18.5
Simitli,0,BG,1584464369,43,41.88,23.12,36.0,8.01
Itarema,67,BR,1584464369,70,-2.92,-39.92,85.19,8.63
Porangatu,26,BR,1584464369,82,-13.44,-49.15,84.47,2.48
Faya,75,SA,1584464370,77,18.39,42.45,66.2,11.41
Uekimachi-mōno,36,JP,1584464370,81,32.9,130.68,51.01,1.99
Gornopravdinsk,100,RU,1584464370,95,60.05,69.9,26.69,9.93
Kiryat Gat,75,IL,1584464370,81,31.61,34.76,54.0,24.16
Lagunas,78,PE,1584464370,85,-5.23,-75.68,84.29,1.16
Laas,2,IT,1584464370,36,46.62,10.7,66.2,3.36
Darhan,98,MN,1584464370,65,49.49,105.92,26.69,7.67
Green River,40,US,1584464371,92,41.53,-109.47,37.99,3.36
Beipiao,0,CN,1584464371,39,41.79,120.78,39.29,7.05
Midland,90,US,1584464110,82,32.0,-102.08,71.01,17.22
